
-- Data for Name: account; Type: TABLE DATA; Schema: public; Owner: tester
--
COPY public.account (id, login, username, email, password_hash, privilegy_level, description, profile_image) FROM stdin;
4	Klavdiya_Ilin41_0	Klavdiya_Ilin41_0	Ignatii_Terentev@hotmail.com	HASH	0	\N	\N
5	Aleksandr35_1	Aleksandr35_1	Irina.Shestakov@yahoo.com	HASH	0	\N	\N
10	Arina.Nosov63_9	Arina.Nosov63_9	Oksana.Kabanova20@yahoo.com	HASH	0	\N	\N
11	Grigorii.Ryabova85_11	Grigorii.Ryabova85_11	Aleksandra82@ya.ru	HASH	0	\N	\N
18	Georgii.Soloveva3_15	Georgii.Soloveva3_15	Rimma61@mail.ru	HASH	0	\N	\N
21	Varvara96_21	Varvara96_21	Naezhda_Voroncov42@ya.ru	HASH	0	\N	\N
26	Stanislav.Golubev_23	Stanislav.Golubev_23	Evgenii.Blinova@gmail.com	HASH	0	\N	\N
31	Valentina.Dmitrieva_32	Valentina.Dmitrieva_32	Tamara_Uvarov@mail.ru	HASH	0	\N	\N
34	Andrei95_29	Andrei95_29	Kira83@hotmail.com	HASH	0	\N	\N
44	Dmitrii.Sukhanova_40	Dmitrii.Sukhanova_40	Grigorii.Kalashnikov18@gmail.com	HASH	0	\N	\N
45	Stepan41_44	Stepan41_44	Anfisa.Abramov@yandex.ru	HASH	0	\N	\N
51	Arina_Petukhov73_50	Arina_Petukhov73_50	Eduard39@ya.ru	HASH	0	\N	\N
53	Ilya79_52	Ilya79_52	Anzhela_Golubev@yahoo.com	HASH	0	\N	\N
55	Vadim27_53	Vadim27_53	Viktoriya36@ya.ru	HASH	0	\N	\N
57	Matvei.Chernova_56	Matvei.Chernova_56	Mariya0@yandex.ru	HASH	0	\N	\N
63	Zhanna82_66	Zhanna82_66	Veronika17@gmail.com	HASH	0	\N	\N
67	Leonid_Zaicev63_67	Leonid_Zaicev63_67	Egor.Sitnikov@gmail.com	HASH	0	\N	\N
75	Lyubov.Lukin86_71	Lyubov.Lukin86_71	Valerii.Kolesnikova@yandex.ru	HASH	0	\N	\N
77	Yuliya_Denisov96_76	Yuliya_Denisov96_76	Alla_Potapova1@gmail.com	HASH	0	\N	\N
80	Varvara53_78	Varvara53_78	Evgeniya_Kozlova2@yandex.ru	HASH	0	\N	\N
85	Nikolai.Pavlov63_84	Nikolai.Pavlov63_84	Gennadii39@gmail.com	HASH	0	\N	\N
88	Sergei71_89	Sergei71_89	Alevtina.Lebeeva@yahoo.com	HASH	0	\N	\N
93	Fyodor.Zykova93_87	Fyodor.Zykova93_87	Anna_Kryukova@yandex.ru	HASH	0	\N	\N
100	Aleksandr_Petukhov_98	Aleksandr_Petukhov_98	Ilya.Rogova@yandex.ru	HASH	0	\N	\N
101	Alla.Rozhkov_100	Alla.Rozhkov_100	Regina_Maslov@yandex.ru	HASH	0	\N	\N
103	Nikolai.Evdokimov74_108	Nikolai.Evdokimov74_108	German.Aleksandrov@mail.ru	HASH	0	\N	\N
108	Konstantin_Eliseev_107	Konstantin_Eliseev_107	Darya_Evseeva@ya.ru	HASH	0	\N	\N
115	Zoya87_115	Zoya87_115	Klavdiya.Zhukov@ya.ru	HASH	0	\N	\N
113	Luka.Lapin50_111	Luka.Lapin50_111	Vasilisa.Petukhova72@hotmail.com	HASH	0	\N	\N
119	Oleg.Filatov_120	Oleg.Filatov_120	Lyubov.Konstantinova@yandex.ru	HASH	0	\N	\N
124	Nikita.Turov61_122	Nikita.Turov61_122	Mariya_Pavlov@hotmail.com	HASH	0	\N	\N
2	Gennadii_Mamontov_7	Gennadii_Mamontov_7	Marina_Myasnikova50@gmail.com	HASH	0	\N	\N
9	Valeriya.Shiryaev33_12	Valeriya.Shiryaev33_12	Veronika53@yahoo.com	HASH	0	\N	\N
16	Sergei_Makarov_19	Sergei_Makarov_19	Gennadii_Karpov96@gmail.com	HASH	0	\N	\N
27	Raisa.Alekseev18_27	Raisa.Alekseev18_27	Stanislav7@yandex.ru	HASH	0	\N	\N
32	Nikita99_35	Nikita99_35	Valentin98@yahoo.com	HASH	0	\N	\N
40	Alevtina_Artemev48_42	Alevtina_Artemev48_42	Viktor.Cvetkov@yahoo.com	HASH	0	\N	\N
52	Leonid_Voronova_48	Leonid_Voronova_48	Nikolai3@yahoo.com	HASH	0	\N	\N
58	Vasilii.Arkhipov_57	Vasilii.Arkhipov_57	Andrei_Odincov@mail.ru	HASH	0	\N	\N
65	Galina_Nesterov_65	Galina_Nesterov_65	Aleksandr.Kulagin45@ya.ru	HASH	0	\N	\N
74	Svetlana_Pakhomova9_74	Svetlana_Pakhomova9_74	Sofiya65@gmail.com	HASH	0	\N	\N
82	Evgenii_Mikheeva_81	Evgenii_Mikheeva_81	Evgeniya_Sergeeva57@mail.ru	HASH	0	\N	\N
90	Natalya.Volkova17_86	Natalya.Volkova17_86	Leonid_Zinoveva@hotmail.com	HASH	0	\N	\N
98	Zoya_Nosov_99	Zoya_Nosov_99	Kira_Rozhkov@mail.ru	HASH	0	\N	\N
104	Sofiya_Rybakova74_104	Sofiya_Rybakova74_104	Ivan.Vinogradov@mail.ru	HASH	0	\N	\N
116	Daniil_Zuev_112	Daniil_Zuev_112	Vasilisa_Konovalov@hotmail.com	HASH	0	\N	\N
118	Marina26_124	Marina26_124	Stepan.Kirillov@ya.ru	HASH	0	\N	\N
7	Egor.Karpov_6	Egor.Karpov_6	Denis.Zuev4@yandex.ru	HASH	0	\N	\N
6	Georgii_Shilov79_3	Georgii_Shilov79_3	Matvei_Uvarov99@mail.ru	HASH	0	\N	\N
12	Albert_Grishina17_8	Albert_Grishina17_8	Antonida.Lazareva@gmail.com	HASH	0	\N	\N
13	Lavrentii65_14	Lavrentii65_14	Svetlana9@ya.ru	HASH	0	\N	\N
17	Sergei_Bogdanova_16	Sergei_Bogdanova_16	Larisa.Sergeev@hotmail.com	HASH	0	\N	\N
19	Tatyana.Afanasev_18	Tatyana.Afanasev_18	Valeriya_Petrov@hotmail.com	HASH	0	\N	\N
24	Vyacheslav_Fomichev_25	Vyacheslav_Fomichev_25	Yurii30@mail.ru	HASH	0	\N	\N
28	Naezhda_Karpova83_24	Naezhda_Karpova83_24	Alla83@gmail.com	HASH	0	\N	\N
33	Oksana_Kirillov42_33	Oksana_Kirillov42_33	Vasilii.Rogova3@mail.ru	HASH	0	\N	\N
37	Alla_Likhacheva6_31	Alla_Likhacheva6_31	Alla98@yahoo.com	HASH	0	\N	\N
39	Oksana_Ryabov_41	Oksana_Ryabov_41	Anzhela_Lytkin@mail.ru	HASH	0	\N	\N
42	Lidiya_Titov58_37	Lidiya_Titov58_37	Viktoriya_Semenova@mail.ru	HASH	0	\N	\N
47	Elizaveta_Zaicev22_46	Elizaveta_Zaicev22_46	Fyodor.Anisimova@ya.ru	HASH	0	\N	\N
46	Arina84_45	Arina84_45	Natalya2@hotmail.com	HASH	0	\N	\N
54	Vitalii.Sherbakova42_55	Vitalii.Sherbakova42_55	Regina45@hotmail.com	HASH	0	\N	\N
60	Valeriya71_59	Valeriya71_59	Denis_Panfilov@gmail.com	HASH	0	\N	\N
64	Alevtina.Gerasimov_63	Alevtina.Gerasimov_63	Angelina.Gorbacheva7@yandex.ru	HASH	0	\N	\N
68	Vadim_Aveev_64	Vadim_Aveev_64	Yuliya.Danilov@yandex.ru	HASH	0	\N	\N
70	Aleksandra14_75	Aleksandra14_75	Regina20@yandex.ru	HASH	0	\N	\N
73	Lyubov.Drozdova_73	Lyubov.Drozdova_73	Roman_Pavlov@hotmail.com	HASH	0	\N	\N
79	Valeriya_Kostina78_82	Valeriya_Kostina78_82	Alina.Ovchinnikova7@yahoo.com	HASH	0	\N	\N
84	Artyom_Osipova_80	Artyom_Osipova_80	Elena_Pakhomova71@yandex.ru	HASH	0	\N	\N
87	Yaroslav.Sharapov27_85	Yaroslav.Sharapov27_85	Sergei_Polyakov@yandex.ru	HASH	0	\N	\N
89	Sergei.Volkova_90	Sergei.Volkova_90	Anfisa.Kiseleva@ya.ru	HASH	0	\N	\N
95	Maksim.Romanova_95	Maksim.Romanova_95	Leonid.Lapina95@hotmail.com	HASH	0	\N	\N
99	Svetlana6_93	Svetlana6_93	Vasilii24@hotmail.com	HASH	0	\N	\N
107	Olga_Denisov51_106	Olga_Denisov51_106	Vasilii_Chernova@hotmail.com	HASH	0	\N	\N
109	Georgii14_105	Georgii14_105	Ekaterina.Alekseeva76@yahoo.com	HASH	0	\N	\N
112	Nikolai56_113	Nikolai56_113	Regina.Konovalova15@ya.ru	HASH	0	\N	\N
117	Vladimir.Zykov55_114	Vladimir.Zykov55_114	Ekaterina93@yandex.ru	HASH	0	\N	\N
122	Raisa_Semenov60_123	Raisa_Semenov60_123	Evgeniya.Isakova41@yahoo.com	HASH	0	\N	\N
123	Marina72_118	Marina72_118	Svetlana_Belyaeva@hotmail.com	HASH	0	\N	\N
15	Ilya.Kudryavceva_5	Ilya.Kudryavceva_5	Antonina_Gulyaeva@gmail.com	HASH	0	\N	\N
23	Kseniya_Grigorev_22	Kseniya_Grigorev_22	Egor_Semenova81@yandex.ru	HASH	0	\N	\N
30	Igor.Krasilnikova47_30	Igor.Krasilnikova47_30	Vladislav_Rusakova99@mail.ru	HASH	0	\N	\N
41	Anzhelika_Shukina_38	Anzhelika_Shukina_38	Sergei_Kudryashov23@ya.ru	HASH	0	\N	\N
49	Anzhelika_Likhachev_51	Anzhelika_Likhachev_51	Klavdiya.Bespalova21@hotmail.com	HASH	0	\N	\N
59	Kseniya49_58	Kseniya49_58	Evgeniya_Grishin@mail.ru	HASH	0	\N	\N
66	Taisiya_Gorbacheva_62	Taisiya_Gorbacheva_62	Fyodor.Egorova@hotmail.com	HASH	0	\N	\N
71	Varvara_Davydova_70	Varvara_Davydova_70	Anatolii.Morozova@hotmail.com	HASH	0	\N	\N
78	Andrei_Krasilnikova_79	Andrei_Krasilnikova_79	Yuliya_Burov@yahoo.com	HASH	0	\N	\N
86	Georgii_Sorokina34_88	Georgii_Sorokina34_88	Denis.Mishin@yandex.ru	HASH	0	\N	\N
96	Anatolii.Lebeev75_97	Anatolii.Lebeev75_97	Lidiya.Zhdanov1@gmail.com	HASH	0	\N	\N
105	Lidiya86_102	Lidiya86_102	Ivan_Semenov@gmail.com	HASH	0	\N	\N
111	Aleksei.Krasilnikova_110	Aleksei.Krasilnikova_110	Veronika.Panova@hotmail.com	HASH	0	\N	\N
121	Egor_Likhacheva21_119	Egor_Likhacheva21_119	Regina27@yahoo.com	HASH	0	\N	\N
3	Vyacheslav5_4	Vyacheslav5_4	Arkadii.Kalashnikova@yahoo.com	HASH	0	\N	\N
14	Valerii94_13	Valerii94_13	Daniil_Kotova11@ya.ru	HASH	0	\N	\N
20	Makar36_17	Makar36_17	Vladimir_Arkhipov88@yahoo.com	HASH	0	\N	\N
25	German_Knyazev_26	German_Knyazev_26	Roman_Dorofeev95@yahoo.com	HASH	0	\N	\N
36	Sergei.Kolesnikov76_36	Sergei.Kolesnikov76_36	Aleksei.Vasilev37@yahoo.com	HASH	0	\N	\N
43	Aleksei.Zinovev_39	Aleksei.Zinovev_39	Angelina95@hotmail.com	HASH	0	\N	\N
48	Boris_Loginov4_47	Boris_Loginov4_47	Irina_Grigorev85@hotmail.com	HASH	0	\N	\N
56	Ulyana_Yudin46_54	Ulyana_Yudin46_54	Luka.Orekhova@hotmail.com	HASH	0	\N	\N
62	Anzhelika.Mikheeva_61	Anzhelika.Mikheeva_61	Lavrentii_Lazareva@yahoo.com	HASH	0	\N	\N
72	Sofiya0_69	Sofiya0_69	Artyom_Muravev30@yandex.ru	HASH	0	\N	\N
81	Marina.Gerasimova_77	Marina.Gerasimova_77	Dmitrii.Ilina69@yahoo.com	HASH	0	\N	\N
91	Alyona.Sherbakova_91	Alyona.Sherbakova_91	Anton62@ya.ru	HASH	0	\N	\N
94	Vladimir.Vinogradov80_94	Vladimir.Vinogradov80_94	Maksim_Shubina@yandex.ru	HASH	0	\N	\N
106	Gennadii.Baranov89_103	Gennadii.Baranov89_103	Rimma23@hotmail.com	HASH	0	\N	\N
110	Lyubov_Fomina_109	Lyubov_Fomina_109	Alevtina.Nekrasova42@mail.ru	HASH	0	\N	\N
125	Aleksandra_Melnikova10_117	Aleksandra_Melnikova10_117	Viktor97@yahoo.com	HASH	0	\N	\N
1	Viktor75_2	Viktor75_2	Konstantin.Odincova54@ya.ru	HASH	0	\N	\N
8	Veronika82_10	Veronika82_10	Vera67@yahoo.com	HASH	0	\N	\N
22	Zinaida_Vasilev92_20	Zinaida_Vasilev92_20	Makar35@yandex.ru	HASH	0	\N	\N
29	Oksana.Kharitonov76_28	Oksana.Kharitonov76_28	Angelina_Rogova5@ya.ru	HASH	0	\N	\N
35	Varvara.Grigoreva_34	Varvara.Grigoreva_34	Aleksandra_Ivanova@gmail.com	HASH	0	\N	\N
38	Oksana_Nikonov42_43	Oksana_Nikonov42_43	Dmitrii97@hotmail.com	HASH	0	\N	\N
50	Yuliya88_49	Yuliya88_49	Makar_Alekseeva@yandex.ru	HASH	0	\N	\N
61	Luka_Moiseev69_60	Luka_Moiseev69_60	Vladimir.Komissarova@hotmail.com	HASH	0	\N	\N
69	Anton.Gromov63_68	Anton.Gromov63_68	Valeriya.Molchanova26@ya.ru	HASH	0	\N	\N
76	Anzhela.Smirnova_72	Anzhela.Smirnova_72	Valeriya83@mail.ru	HASH	0	\N	\N
83	Egor.Mukhin_83	Egor.Mukhin_83	Yuliya27@mail.ru	HASH	0	\N	\N
92	Svetlana.Eliseev_92	Svetlana.Eliseev_92	Ilya.Rybakova@yandex.ru	HASH	0	\N	\N
97	Anastasiya7_96	Anastasiya7_96	German.Orekhov14@ya.ru	HASH	0	\N	\N
102	Yaroslav10_101	Yaroslav10_101	Oksana70@mail.ru	HASH	0	\N	\N
114	Anzhelika_Naumov91_116	Anzhelika_Naumov91_116	Daniil80@hotmail.com	HASH	0	\N	\N
120	Valeriya39_121	Valeriya39_121	Alyona.Shubin32@mail.ru	HASH	0	\N	\N
\.


--
-- Data for Name: competition; Type: TABLE DATA; Schema: public; Owner: tester
--

COPY public.competition (id, competition_name, description, start_time, end_time, has_ended) FROM stdin;
1	Свободный Стальной Куртка	Количественный всего требует нац	2025-04-30 14:42:54.302608	2025-05-12 07:20:03.884016	f
\.


--
-- Data for Name: competition_reward; Type: TABLE DATA; Schema: public; Owner: tester
--

COPY public.competition_reward (id, reward_description_id, competition_id, condition_type, min_place, max_place, min_rank, max_rank) FROM stdin;
\.


--
-- Data for Name: player_participation; Type: TABLE DATA; Schema: public; Owner: tester
--

COPY public.player_participation (competition_id, account_id, score, last_update_time) FROM stdin;
1	8	152	2025-05-03 10:49:02.603038
1	10	215	2025-05-01 09:12:23.484699
1	21	763	2025-04-24 04:00:26.088876
1	30	1	2025-04-17 10:57:33.04738
1	34	840	2025-04-25 16:54:16.79832
1	48	325	2025-04-12 20:40:54.35253
1	56	13	2025-04-10 01:20:35.579021
1	62	745	2025-05-01 07:16:29.020628
1	69	142	2025-04-16 00:02:39.881585
1	75	608	2025-04-24 09:55:13.378165
1	82	760	2025-04-10 04:14:07.599533
1	89	856	2025-04-16 17:19:58.459529
1	97	161	2025-04-14 05:24:40.076615
1	108	600	2025-04-20 09:33:37.85731
1	116	64	2025-04-24 07:51:15.200101
1	6	338	2025-05-01 05:05:09.176399
1	12	700	2025-04-23 23:43:27.871509
1	24	730	2025-04-30 12:12:15.558164
1	32	197	2025-04-09 18:29:15.160232
1	35	740	2025-05-04 17:15:47.964904
1	45	635	2025-04-11 09:13:32.946313
1	54	727	2025-04-07 09:18:20.477334
1	64	482	2025-04-17 04:36:06.016386
1	68	79	2025-05-06 06:11:54.51462
1	74	583	2025-05-02 05:42:52.927038
1	88	406	2025-04-19 21:16:44.836387
1	91	136	2025-04-15 08:24:24.740132
1	98	888	2025-04-15 08:26:15.432235
1	107	666	2025-05-02 19:15:55.363833
1	119	708	2025-05-02 17:07:55.4576
1	122	19	2025-04-15 10:07:18.62966
1	2	630	2025-04-27 21:37:38.41698
1	11	152	2025-05-03 09:22:40.915626
1	23	423	2025-04-22 20:27:25.714957
1	26	360	2025-04-25 08:53:51.991806
1	37	301	2025-04-11 04:14:36.026076
1	43	165	2025-04-12 06:51:31.711722
1	49	194	2025-04-29 12:26:28.32766
1	63	739	2025-04-23 08:12:34.630564
1	67	592	2025-04-21 20:01:53.624267
1	76	220	2025-05-01 14:41:17.729332
1	86	88	2025-04-25 08:12:02.84826
1	95	330	2025-05-02 06:31:08.675552
1	101	962	2025-04-19 14:46:22.519866
1	111	740	2025-04-10 09:03:52.417002
1	118	89	2025-04-25 09:51:09.169036
1	121	362	2025-04-11 02:42:54.951086
1	1	533	2025-05-04 14:09:39.321997
1	9	496	2025-04-11 16:12:14.780292
1	20	189	2025-05-04 01:18:11.409336
1	31	185	2025-04-11 14:56:32.672637
1	38	804	2025-04-10 07:07:05.134199
1	44	452	2025-04-13 12:10:00.858515
1	55	733	2025-04-30 04:28:09.336571
1	59	120	2025-04-17 09:20:10.194473
1	70	857	2025-04-08 16:46:38.51507
1	80	617	2025-04-17 21:26:37.520125
1	81	693	2025-04-20 23:09:20.849043
1	94	664	2025-05-03 05:56:19.228099
1	104	773	2025-04-06 21:33:44.816517
1	105	204	2025-04-30 22:04:04.634426
1	117	713	2025-04-19 23:45:15.597362
1	124	236	2025-04-09 15:39:02.5467
1	7	632	2025-04-20 12:31:03.228841
1	16	526	2025-05-04 07:18:14.923922
1	19	894	2025-04-29 17:49:58.729269
1	29	494	2025-05-01 19:29:07.9013
1	33	769	2025-05-02 18:36:35.150995
1	42	843	2025-05-05 17:13:40.702758
1	52	693	2025-04-12 23:19:22.387872
1	61	839	2025-04-15 09:26:42.640538
1	66	224	2025-04-08 04:31:09.804595
1	77	57	2025-04-18 15:05:07.44576
1	87	964	2025-04-23 13:05:33.595931
1	92	831	2025-04-13 12:13:12.542314
1	99	324	2025-04-26 18:09:07.003349
1	109	671	2025-04-21 00:35:17.258972
1	120	223	2025-04-17 01:51:20.083734
1	3	708	2025-04-27 19:56:37.577875
1	14	623	2025-04-29 07:39:46.030704
1	18	268	2025-05-03 08:55:23.23205
1	25	610	2025-04-20 04:24:50.00033
1	40	257	2025-04-27 12:47:18.975291
1	46	875	2025-04-13 13:26:00.562389
1	50	959	2025-04-21 15:21:07.416889
1	60	150	2025-04-14 16:41:28.121165
1	65	18	2025-04-24 03:31:15.025492
1	78	989	2025-04-22 07:35:02.087432
1	83	820	2025-04-10 00:51:14.830419
1	93	553	2025-04-26 02:26:45.609172
1	102	725	2025-04-14 02:43:53.566196
1	106	993	2025-04-23 05:51:36.476554
1	114	626	2025-04-19 05:26:03.493998
1	125	246	2025-04-15 20:10:34.591741
1	5	236	2025-05-06 01:40:39.967132
1	15	396	2025-04-12 20:24:53.52813
1	22	568	2025-04-07 01:57:51.049005
1	28	36	2025-04-25 10:42:12.993287
1	39	788	2025-04-11 05:03:18.692785
1	47	196	2025-04-24 08:28:18.146823
1	51	56	2025-04-09 07:36:34.034527
1	57	355	2025-04-12 04:40:30.144004
1	72	279	2025-04-22 12:22:30.378994
1	79	70	2025-04-12 12:57:36.975048
1	85	948	2025-04-23 06:32:19.391857
1	96	666	2025-04-12 18:27:00.165061
1	103	305	2025-04-26 19:23:54.84087
1	110	636	2025-04-30 11:01:50.605738
1	113	985	2025-04-21 10:26:16.252166
1	4	89	2025-04-25 02:02:15.336935
1	13	869	2025-04-16 08:46:42.099977
1	17	972	2025-04-30 05:39:32.048977
1	27	718	2025-04-09 10:05:20.244255
1	36	33	2025-04-28 13:56:13.817093
1	41	62	2025-05-01 20:14:19.594706
1	53	367	2025-04-27 13:03:31.297188
1	58	192	2025-04-13 01:23:54.46755
1	71	430	2025-04-27 16:32:54.578668
1	73	401	2025-05-04 16:08:16.993108
1	84	126	2025-04-13 15:57:15.818755
1	90	934	2025-04-20 23:16:49.508782
1	100	173	2025-04-28 23:23:30.976477
1	112	712	2025-05-05 07:35:10.665687
1	115	468	2025-05-01 00:35:01.028283
1	123	355	2025-04-10 20:44:37.526976
\.


--
-- Data for Name: player_reward; Type: TABLE DATA; Schema: public; Owner: tester
--

COPY public.player_reward (id, reward_description_id, player_id, competition_id, creation_date) FROM stdin;
\.


--
-- Data for Name: reward_description; Type: TABLE DATA; Schema: public; Owner: tester
--

COPY public.reward_description (id, reward_name, description, icon_image) FROM stdin;
3	Грубый Кожанный Клатч	Высокотехнологичная активности р	\N
1	Интеллектуальный Гранитный Стул	Нашей оценить участия правительс	\N
5	Фантастический Бетонный Свитер	Нашей деятельности значение стор	\N
2	Свободный Кожанный Майка	Играет управление разработке с н	\N
4	Невероятный Хлопковый Стул	Позиции уточнения прежде же вызы	\N
\.
