COPY public.account (id, login, email, password_hash, privilegy_level, description, profile_image) FROM stdin;
1	thomas41	andersonmegan@example.com	b0f35fbcbce1bde73020d122f0cc6811db93ccd5842763d5394a78923255a4a2	6	Shake prevent film local. Matter test scene your best.	\N
2	rkeith	thensley@example.org	3e2918600772d1bb22ec779411f7b53f4f2a7ba49f47a0d5edf66513e3736123	9	Before argue when pay close fear.	\N
3	jason73	ncoleman@example.net	7add87e51f802080d08d7372652cd5a02fead5646415ac6e97aef41630cbfbba	6	Kitchen these factor red talk.\nFight conference music second. Factor power tax edge director.	\N
4	carsonlisa	kcole@example.com	f8256dec9b2da008ddc9ca026b768bcebac9c0faabd2a3009f8afbe5e54b0e34	7	Reach national baby machine again religious. Much position suffer family however collection better.	\N
5	bbarr	margaretrhodes@example.org	ec4054fefac087b6dc6b90fc17526918197a6f181c946a09693255b0628d821d	3	Attack avoid along rock it. None not race none return piece evidence. Life deep mind single still win old.	\N
6	weissbarbara	bauermatthew@example.org	1c24b4251b2db6a00b060e3195cf209dbf8f094436cbb72dcc98dfda49cde02b	2	Administration spring detail. Hundred south dream able. Now eight mention news.	\N
7	mcgeemegan	johnsonkevin@example.org	32e9d9f9418b4752e5fcf7f708619a721059230ad22b1bbe4de4aece699d08f3	5	Control truth push draw card well.	\N
8	johnsonashlee	andersonvalerie@example.net	cae3a282bcb2c56a51395aa6701958bb002e9a4e69e7ade0b640ceb2d262496e	8	Check result stage animal away. Enough while nothing rest throw think. Yeah hard blood old win born find allow.	\N
9	lori36	april26@example.org	5a2519bfbbc7efad70cb999a282a74b9da906f775c0c4e095170dce9b9552b9d	5	Water industry real manager part them. Day chance consumer low bit.	\N
10	qking	carlos66@example.org	1d32c48487cdc6c67bdae075558fd95a0b12a4af5cad9f319336b59a29a44c96	7	Their than understand eat both such everybody investment.	\N
11	bwebb	nathanpeterson@example.net	905cdab3823fae7ca52d5c8cbc7ce30e9a2fe0670a994e2773431acf62a93693	3	Ask base audience whom soon recently them. Deep kid daughter community instead all these. Land record or feel hotel.	\N
12	margarethawkins	marshallgerald@example.net	2626274d82c9a75967927e48d78415427dd41bbc163cc3cecea349dbaeb54a88	5	Value above education rather. Simply boy move discuss find provide.	\N
13	hernandezmelissa	barroneric@example.com	20fbcb474a6b0006ec73b05eb939e070472c177f1006f8a119774b538aa28233	3	Candidate gas south us explain wall. Series particularly computer spend price parent ok from.	\N
14	smithbill	ihoward@example.org	81fbf83a1ae29a4af12f0467f40f5f9c45b2ff8e0471d41ac56092a62cea36be	5	Ago leader assume bill throw. Happy black month.	\N
15	mooreanna	mitchell72@example.org	5378a9b7d4e1b5584deeb5fc93b6b508007fbeb19249de62ba57af1022ad97c7	6	Involve sign test my billion table. Source car claim current contain. Picture or we. Food expert character year.	\N
16	ritterdavid	zcarr@example.org	f04109832847c211eed5466f00341e4c9e2dfcbb9a653088e8822ac9b9b0fd4d	8	Grow wall level include hope. Audience administration fire cut. Also record appear term as.	\N
17	ocharles	cindywest@example.org	b8b45baf80c42ce6a75d4e9b369fee313a98e6ff9d4c3294ac85a73c4eab62ef	1	Land cultural author technology set much. General everything describe car play. Heart will board understand game.	\N
18	emurray	alisonperry@example.com	b9b9dd22fa7474826402a240bd475b7b686a25bdd14cf3104a11ce3430475cb9	5	Exist local local know television increase easy. Whole term course of.	\N
19	clayton66	rebeccawilliams@example.net	2b5dfe79c4dc6f381386746d1d9812d244baa5f422b476879367b2ba51f42a69	1	Choice detail bit coach ball drive she seat. Building professor southern among.\nCut hard simply political.	\N
20	mking	parkerbrooke@example.org	ee7c1a867caed1146b99d92e0f235046374697179a034d97f9edab75f6bba17d	4	Health clearly early body part ahead total happen. Tonight season increase official. Least campaign so cut.	\N
21	williamsderek	dawn48@example.net	9173b9c1a4c374d3a87efa546b8b2563addf829ccbdf62644b73bdda1b87a295	10	Country fall phone you up deep. Difference movie build high mean woman.\nEver discuss year discover.	\N
22	garciacheyenne	beckerlisa@example.com	948480bec78d48b92526ac1bb3c8d412cc7cfacb67c5ee573d5bc5c1da1d4152	4	Seem pretty over stand. Himself standard behavior market.	\N
23	jackson03	echristensen@example.net	799623b7c0565e3744b8337fcfc65b19a05c2b96fc8cca02678bc27561aac4ab	1	Staff culture itself stop. Least consider discover hand business.	\N
24	pamelastrickland	christinataylor@example.com	b6b2cf8f74ccd7cd7c3820c5db14cc11de14b45043b7decc90b25621bedb1358	10	Friend room TV modern source. Seven concern road. Somebody buy pass any.	\N
25	sylvia25	alison16@example.com	8d1e2a01a136d93e983fff6c0eca597862a01085cf607d11e7b044232a65c972	2	Leg lawyer strong early. Decide continue production write but even. Customer loss enjoy particular.	\N
26	michellerivera	brandtjeff@example.org	175170b2d0e98e7e35937e94c08a4551f3cf18d729b8aeaf5e9293ce3f75c89f	3	Tonight religious reach chance guy rock song. Though talk especially event.	\N
27	sharris	kelsey59@example.net	59a477aef9fd4549b7f5c5c211359d3a9b83e08de6f6e496f46d69746efd5d96	2	Special special box clear. Page relationship manager huge out perform.	\N
28	hornestephen	smclaughlin@example.org	f274598b98399ff1bbbb20dcfe5a19303e485642a5abd6d592e6b8ac0915b3ea	5	White smile management huge economic inside. Whether the court market.	\N
29	websterlauren	ayersjustin@example.org	5d9778b4d1d0b633b10099b14c4c94886835a303f86189e6be995ccc8e0786d3	4	Compare ball situation. Sport be mission under reason kid.\nFather campaign at keep. Degree discover cup beat.	\N
30	scott72	wgibson@example.com	49bc595d225b5f982dd58d049ccd0c4fe19e45e608164f3664d96b4dbc0e984f	9	Another bit century. Smile ask fine success charge oil.	\N
31	anthony89	cynthiaschwartz@example.org	3f2af74b470bcccc8c19d698aad3d200e3b65128610a2b1a2f9bfebf6a2789d0	10	Garden week understand public eat recently.	\N
32	daltonnicholas	kimberlygates@example.org	512d0017d6b7384e672bc4f4fd9e5a38afb05cf85132df1f98e0cca5f9157da4	2	Capital government set knowledge American. Project chance send.	\N
33	jordankaylee	alexis45@example.org	2582cd3b1c78f78d1b40862860810994da951fdb2ec0b7e6b319ac04e7e15d06	6	Now woman treat animal girl time data. Year hospital guy company form build. Federal plant improve seek figure beautiful among.	\N
34	david66	hollymoore@example.org	bacfce30ffcd090f36261ef2b22e177749b49b85ffbee43acda5553102961f45	10	Wonder everyone action house almost. Occur indeed product seat. Sound official race enjoy best bit old hold.	\N
35	catherinecastro	dale93@example.com	8841fc6cce3860801d4e1c902a1a184fae102dbf0a2424c6fd47f3faa3c226cf	6	Feeling drug trade. Possible final focus guess.\nKeep good career these whole people key bit. Religious other too method.	\N
36	lopezsteven	emurphy@example.com	47369902e8d9e42f5c539fa6d438de94a0893d1969da7dacc3f02beb73e828fe	6	Most husband ten every style study add his. Past avoid collection.	\N
37	elizabethconley	nancy33@example.net	dd99a7567102911198f264910dad049157943a40b96349d6a1aa6d49c2fe1066	4	Now attention ahead nature social development. Right science year only young gun knowledge.\nConcern possible resource.	\N
38	walter00	joseph62@example.org	72988f7f7a5a240a2775c99b49bb5f977891219f66b2f118b8b503541af8f458	5	Music south white significant defense hit fact. We degree ago all law media.	\N
39	dodsontodd	kgibson@example.com	888bbf2a98fb0c3dba7e576cf2c1b96c2b262c9bd78f1084e09ed6c3b551aefb	8	Politics new smile point image. Magazine success miss half hear onto.\nPoor church lose.	\N
40	paul02	ubuchanan@example.net	a6dd7c78bb26e5cceb42e9299ef180a857ca45f78689ec979004bc05c9714ec0	5	Film challenge who continue our election call. Present child anyone check role people. Suffer class same.	\N
41	kristilopez	rubiosuzanne@example.com	83f3f48507e94c7041105a5cb6a36db2dfda7b0c0ef8cd323b5139a694b1bbbc	7	Environmental reveal add. Sport peace develop also treat. Really leg wait camera.	\N
42	jonathananderson	operry@example.com	e2bae328a839a006ddafc3eddca7b3187ec1db4b84b67ebee9c0695c4d6b7959	8	Season enter very quite experience power night. Need relationship truth alone. Also world president among foot.	\N
43	garciatammy	jeffrey71@example.net	3a9eac61abd71cc3f3ffe267765d76baff61bb8cc249802baf96a9455a1f01f0	4	At you throughout better remember notice us. Fire just sit onto way want authority. Science own few.	\N
44	acarter	veronicaparker@example.net	5f8c7b82ed93bb7618b656340276dc1aa15c8134122d3940d0fb6ddb9b2e96b9	7	Under value enjoy point position. Manager coach room paper bag western.	\N
45	theresa31	shaneanderson@example.org	2b8d845413aeedfb37118bcf43fb41a31032156e4eeb6b2e6d47f652b3c64add	9	Citizen keep bank floor forward might large. Open hot difference. Design letter color this choose.	\N
46	andrew67	calvinfarrell@example.org	a21f37dbdb3bd3c07b842f0b75a03e3f3269e1da04e121a023415c7244d05746	7	Tree bank outside law. American economic leave. Painting window clear fall skin ten.	\N
47	romanmelissa	taylorrobyn@example.net	bbaf4e37eedb57100655d62beef66cd81fd644a5ed981c9494d7107bdc9a3493	1	Social receive room wear. Everything series offer bank.	\N
48	tlee	jenniferdavies@example.net	625a9d45c89af950fa8ee8cae91624c8b82689736d919c515df3dfec57b0af67	6	Life approach glass issue. Audience life season player give.\nChurch manage front. Society stock reason soon.	\N
49	xwoods	barkeranthony@example.net	e7cee5204ec84a8cc0c9a81ac93bed8a23d113ad84ad69ec86b422a9cfb7c6aa	1	Prevent respond crime style.\nBeautiful form pay who recently candidate onto. Fight pull in drug memory approach.	\N
50	hconley	espinozacesar@example.org	b1e3f1026af39ccaf233b4c63cb1c9335f8c48eb4e529e70b2240f16f039f86b	8	Move inside TV push thousand necessary. Capital model kid city name arm than. After other poor attorney area paper perhaps.	\N
51	probinson	qmartinez@example.org	4c3293c9df9165379830d7e26c84c1242e438dee961c7248900f1d024cf57c2f	3	Major clear which officer year his. Dream write available bank network offer rich.	\N
52	michaelmoody	jamesthompson@example.org	0172d18d68acc1a5215771aa63fe76e3a86a1cd7157f0b6774aacc5882b3742a	6	Want program happen.\nBrother officer help after wife personal. Any test national.	\N
53	vanessa01	sriley@example.org	e5b6f951c56efe34048dd805931d2d808d4f32714f27647cbe1873296874ab4d	6	Image green among certainly. Represent lay computer level reduce figure defense.	\N
54	tholden	thompsonjustin@example.org	fbb0d073719d029103dce5395fd65e534fcc43a7c094ddb9224aeccef055bfb4	9	Cause one pick if. Take its surface interest another. Laugh campaign beyond.	\N
55	wterry	baldwintrevor@example.com	1d50a77f59196b5a8c38f7794b6b58a93bc48c50fc8ae3629a98f69026077fe0	9	Lawyer PM know listen. Budget inside building cover security current rather.	\N
56	xnewman	miranda09@example.com	91126b113ba24538324fd984b3abba70f42c866777aeefdc3c5e543e0e9e18d9	2	Voice year scene. World civil sure thank economic interview. Four per field attorney assume.	\N
57	catherinewhitney	christianlong@example.com	6203cb3b9c25b9f28232481f5b36f17bf14b2bbf962b314a093b20a349a39987	3	Boy source our successful newspaper tree.\nWrong take run. Not first evidence else individual agreement better.	\N
58	ericaruiz	jordankendra@example.net	e7839d65f4732b2af4e66f4a00666d815130e3c83e20c71d5dde0e21745ab4f6	7	Really beat sort behavior. Former before at happy success money.\nTelevision open government detail paper. Red program modern.	\N
59	patriciaduncan	timothybeard@example.com	077d667fb6151bbe4215a4f5be8dbbed807ede016d4c72ca6d12205658ab5ada	9	Physical herself sit as.\nProve owner someone trip get community. Would candidate son in.	\N
60	martinjeremiah	phillipskyle@example.com	65faaa11c117647626691a4501f0252f9c5b0f43bc49dae1ae06cd0caa23b9ca	3	Office walk two painting hand see phone understand. Ok mother how detail prevent.	\N
61	cooklinda	hollandmatthew@example.org	ace8af41943e66b43d7a66ac2be64223f3b37159ee9e950ed0afa1251cdeb56a	5	No beautiful process view easy. Understand store tax begin everybody officer offer.	\N
62	stacie14	julieosborne@example.net	57739d52de58f7e437f9a881a10269c37bc59c64994da20e5a59e4fe85c181bb	2	Accept generation film moment read they. Sometimes support interview ago. Social sound think kid.	\N
63	wpowell	rpitts@example.net	9b6e63bba449da84fcac875a06866300e53026c690437d7b51553933d201074a	2	Any they organization partner. Wall none certainly fund work theory. Simply bad outside challenge none job.	\N
64	mullenpatricia	ashley49@example.com	c8837ba0841ce4327f2042d55adbebce802e057299890e22d607a234b2a13f99	10	Car buy cost. Article toward cell book by. Media pattern where.	\N
65	jodidennis	rhondawilliams@example.org	377ed28c5949f71d6c1cd2a1cdf01546e4b8a7eedb4d57b10e6b1c8a1dd3954a	10	Pull apply not down general summer choose. Effect personal instead. Can them its military part.	\N
66	xbradley	shawlisa@example.org	083c422aaac904ba75d5970b24c80d9d2190006d9e6dc618777b45598cc86e46	9	You read think. Reflect here improve direction share. Yeah ahead majority green get same.	\N
67	rhinton	andrew30@example.org	438deb2e23e5769f1489fa2e4df61ed4b4694b769c73bbbdbd64ad8eb7c73da3	1	Discover center probably yard responsibility. Buy particular contain serve executive gas. On have majority suffer.	\N
68	rodney44	nelsonthomas@example.net	fbbb5aa62767681721a70ef3b64d8bbde6016e8ba36475d73ce60adba62e883b	10	Develop form nice cold just care look. Red detail side and he.	\N
69	cindyfuentes	deniseharmon@example.net	0f630091436797b895b7cd6a3985ef75aaa4cdd4b076790b86dca80d606b5264	8	Set everybody forget. Send plan challenge be hour. Soon see Mr message.	\N
70	jessica09	tcarter@example.net	da554ed2ba282cea8760347873fd6616bc49aed5e7c688166310f0f5155102e9	3	Finally happen skill manage crime later same thought. Participant forward political center address.	\N
71	greenalejandra	zayala@example.net	62a5d32db68bb9c952ff9c809a1d3ac5a21077fb64fd725458308ddba206c688	2	Threat serve across consumer government. Weight everything enter foot book her. Likely perhaps pull agreement interest.	\N
72	hendersonchad	snyderrichard@example.org	658402de3cabb28dfd2962fe715884e12e8042815b373e09238648b7e7dd703b	2	Almost significant sister hard must force research ball. Road family bed interview. Together discover some.	\N
73	thardy	rossshelley@example.com	112e38be8ba408f4171a6b8db6768f528e91d53e3fdb592f6318baba3f3fcb2b	3	Half yourself until deal then move contain. Just federal add head your executive. Describe station learn sell general need.	\N
74	ugarcia	kimberly22@example.org	dc2b32548385c12882ebe16580657ebfcc476e14428f94a81c08be31cc9bf681	6	Detail high before though interview clear subject become. Approach speech wind. Each deep example remember drive tough network.	\N
75	johnlong	brian84@example.com	e02764a6592f5b6ac766aedac3874a855326d0c760e03c2c8b84e93cf9ef8800	4	Full offer deal more play race know. Experience machine meeting.	\N
76	iwilliams	leslieguerrero@example.net	56d47ac0c66b044caf4e0270e45da84685835078afd8503694324db8eb3251d0	8	Relationship half we behind.	\N
77	patrickrichardson	jerry66@example.org	c310d9a0a0d4aa58584605e39ac4a5beacee504fa2c4d438b9baffe589f54b2b	5	Reflect know much serious who.\nLarge carry some over goal section as. Role decade herself party these.	\N
78	lorilynch	ddominguez@example.org	9ac89fdbbad9f269503a326096f0a6f216d9a0ee3d11178ae1dc73e3d65952f7	4	Itself ask buy game would sell. Next society environmental go least.	\N
79	stevensongabrielle	moralescharles@example.org	824e3a46cd357f5bda737661fda651d5d6d0c4748e33b2f51e51ad87337f014b	8	Sing season few agent picture. Community operation wish same. Paper style enjoy democratic.	\N
80	alanchavez	cynthia38@example.org	4f992e1b016d2fc8d931aaff90f709ed281273f85ec91c56e474b6a78f4ad7c8	6	Student imagine enough must. Effort others pattern case far performance whom.	\N
81	laura16	zlawrence@example.org	e1dc2630dfee513646eba9459b1d34f712c3eef5a80c30d703cce251169ce6f7	1	Sometimes nice federal party. First clear address good bed operation. Soon scene inside rather interesting project.	\N
82	scott87	christian99@example.net	bec1f2137b3d4adfd6c8de2e5900283a1048d0290a8f2f7ca532d5f27289943b	10	Produce expert economy administration truth. Trade include choose network beyond buy room western. Shake begin send.	\N
83	shurley	sabrina23@example.net	6fb1a731cbe67e3524b261ed47e57b06992a6ce1f92ea5dd60631c7774e4d350	6	Artist story sell quality or forget collection. Probably yeah on attorney practice. Former story up itself itself public.	\N
84	charles09	peter17@example.com	5f269d3305449291aaa7d3fbe516c39d3dc0e05595992e763a26f5649ae6e38f	1	Special affect race ten art positive affect. Little mind range reason hair world.	\N
85	michelle85	donnarios@example.net	de8e63ec6a681cda941b67e69b3cbc27225ccf7c70bb4d0e8f842f3634e45f03	1	Heavy what throughout instead.\nListen fact only above task treatment develop. Dark recent business nearly end personal.	\N
86	tracyeverett	jmay@example.net	8170fbc56576a3849dd5af333254084e3d169ca62059c05ac20618492870a60e	1	Finally act son agency together. Whom small yourself doctor present it act.	\N
87	colemanolivia	ricky47@example.net	e954da9ac779f068f6803e68686af47ec2ab30988e5bded91ec5c71da9677032	3	Minute design exist during family toward. Pretty work poor local usually sit. Report account bring training treatment.	\N
88	ucollins	braynicholas@example.net	7312d5f420266ef151686e879c1949efad9c14f7973b63c6330fdac93750b268	6	Never tax animal yet race still. Big add those. Interest place church hair politics marriage hour.	\N
89	mendozadebra	marshallcody@example.org	38872b39a2af8890d5483ebe2090fcf1fe3a65ac57d9fa23c5cf59096d573a5d	5	Democrat seven reach tend with. Seek hold summer agency indeed together.	\N
90	louis48	michaelcollins@example.org	25c54f7a1fe2d34cfff4bc7885ac6d9b329232f29c3d132acde38091b6c2f5b5	6	Although similar knowledge. Develop now picture. History various test easy to but budget education.	\N
91	frogers	selena90@example.org	28faab28571fd3b45d06c338a3c9c85f2285236c847955feebddfc5a6ec3db4f	3	Democratic improve sell animal economic. Memory head agency.\nSell show hope rich senior sort.	\N
92	hoodstephen	calvinrobinson@example.org	e2c6f1bfb0854f56fcfefcec70d8d5c2882efe52374c3c01c7aa56afadace376	5	Player owner media true because generation issue and. Ago nothing phone.	\N
93	ydixon	christopheringram@example.com	b2db7c19d73d24c5d90b66139c6279f60817b25dbdb454e6b4e2f4b672ffa774	8	List pretty approach his leg concern including tax. Once fly relationship. Other leader white step.	\N
94	rebeccawoods	jennifercurtis@example.net	dfd7e3fd19fa5f74f25d8e874f9b389172bb85b7b466cc7bb05e647f0cad3d2e	3	Kind south ago remain feel phone. Before production represent safe network improve.	\N
95	joshuareynolds	maryhooper@example.com	57980916e25da1d2019101518b59574fd233921ab86fdba818792cc664018d37	5	Pm especially career usually decade practice remain. Hundred direction smile meet itself.	\N
96	mcampbell	phillipwiggins@example.net	4bd6d36ce06b036b133e2c069fc3c80a8e4562ab6925e1ce71319fc32da967b4	2	Structure machine fill into. You family letter run both bit miss. Particularly American like author rock.	\N
97	dhunt	michelle32@example.net	969508fb1a972ee872784a516ae9f683455e2fca9ba20304e56ef926770505e4	4	Main lead standard today. Say boy body last brother similar. Former indeed down watch entire admit machine.	\N
98	debraroth	melindagonzales@example.com	79d0dfb56511a5a4d292d593e19a2bd4585b105a290b126137164ee626f0aad3	10	Risk available base decade lead. Identify indeed find country authority reason air.	\N
99	leeterri	matthewdavis@example.org	cca23ab3a8261379e7108e4f17bee365fed59cbeadf90867cce157a259ac6153	2	Increase say yet act prepare direction. Experience paper class near.	\N
100	raymond13	cody62@example.org	c6762273beb9d786101d866bacef86ad4604d134bfbf438bfe7f601936d793e0	4	Break miss tend.	\N
101	ibauer	fitzgeraldtimothy@example.org	df22b9dea20027f13e07fb0e1a2b33507883a50fcc728c3b247420e99149628f	7	Should field cut system north myself staff maybe. Else live similar manage go. Action social firm list.	\N
102	aleccampbell	njoyce@example.org	7571d7cd014cd4a742e9a7c1b9c654cf1887ab77f184ffa0ba3faeff0527dd80	10	New never year seek much because position. Want short more interesting man. Raise score partner there full popular I.	\N
103	mmyers	showard@example.com	439e28fffbcfa78b6a9a02073f9bb26d8bee7d99edd55c648affe0ee240e1ab9	9	All quickly heavy since.\nFigure walk author discuss less future. Test water house dog.	\N
104	tuckerjean	darrelltaylor@example.net	2934651b9bd69f7e6fdb2d4c84f25205e5765e530cfe1ff6f3f2cb1e279cf489	6	Few black through chair student follow. Matter clear blue investment opportunity expert.	\N
105	donaldsonbob	nhartman@example.com	0ceaaf78793645dbcd4a699c7cd1f46373d0b6f54e18b1c83cb277df1ac228fe	5	Seem including keep project. I word pay executive action. Full realize perform wait increase alone.	\N
141	kdaniels	jeffreywillis@example.com	1a857f830b765bef1055040c3ea9e3e5ecb9484994d75d51f1e4e22a7bebf7cf	10	Share never movie whatever. Home despite organization Mrs carry chair common evidence.	\N
106	gibsondawn	romerokathleen@example.net	3e6eb8303d240bcbb868344f2a68c14a798509d498400b6f483efbb38190be2a	4	Into environmental war cup public evening. Concern religious deep. Computer sea day drug writer list. Current beyond so admit.	\N
107	samanthaharrington	iancamacho@example.org	6d1f3676797dc6b392842163e5dd4a00df6de91c6eb80157d91b1f21f69b64b0	4	Strategy smile child carry factor take simply. Laugh around job yeah want especially. Ok environment daughter major key.	\N
108	ymcdonald	jessica66@example.com	0c3149c1b32ecff3ccb815214349d84f559a92d24c92cafbb1ff07c72546df6b	3	Understand dream plant. West ability bank sell.	\N
109	craig84	campbellelizabeth@example.com	1ad7174a8c85af44938ccb19bcff3a7bff6750d13563c172235c2572ba5afdc7	5	Record mind not sometimes information walk arrive. We kid cost over. Outside usually recognize tax must number.	\N
110	yjohnson	daniel34@example.net	8f5dd2c6fdb7e3e1d17766d2cf2d0267165f285f29a3dd109cb9d355b62410d6	8	Garden affect but nor attorney. Seat room factor toward sit interview long.	\N
111	ryancoleman	meyermichael@example.net	3e844448ed440488ad1beadd5df046549eb4f899dda9ef72fdb4cd9d43e4e5b8	1	Sometimes language pass purpose federal society subject next. Activity bring seek smile if.	\N
112	edwardskenneth	charlesgarcia@example.com	8cb716ffc9773316b0c13400daa1d42278dc1dff094e53727b16b991a0114b1f	5	Choice father board product practice entire enjoy heavy. Century computer arm ready home agent.	\N
113	alexanderlowe	ulee@example.org	9fe2eb0c925338aa8d6200f9b25f575b1ceaf29c2d25017cbf4e3b088e66ac67	9	Else provide important social lay. Concern option environmental station much particularly religious.	\N
114	rlopez	ycole@example.com	aec4142d16efefc4a8648f4c1c63d542f8e73a1b95edf7ac6de6af40b6172214	1	Enter nice east support hotel source quite. Control issue second style. More ahead nice better look.	\N
115	nlewis	lauragriffin@example.com	665046d6c1390d0823ad9b20ae6c8da609e350968d5363553763cb1af2736dcc	5	Until age north car cup main. Seat account room. Send we quality wait.	\N
116	danieldelacruz	nelsonjorge@example.net	0c9d62ca459039ea10bfbffff8294cbd9ff67b0f1b033a7d218439ea21f82deb	10	During city college quality day treatment. Sometimes professional others among major eye community.	\N
117	downsmichael	nicholasboyle@example.org	c88cd26ba84a449bf7bf50683af8f08fb17e47e847393c89299da2c83802aec1	7	Body participant hope bit body similar. Positive leg part marriage from war.	\N
118	steven33	deborah14@example.org	c0e3a4328cfe15d5907e783fd078361e619213cf5e551797d53fcc74c902a03b	2	Social board religious ok treatment leader spend. Somebody your surface nothing benefit.\nYoung kid than all child eat control.	\N
119	jason63	patricia73@example.org	429f121385474a2a9ef6f142e515fc0161f691e028b7e4d23a5df1b0fe0c0972	3	A plant spend. President ask this door party away into. Suggest radio reflect brother major best five.	\N
120	betty66	rosephillips@example.net	b422b07c6b2d9db9e422cb270d9a3765340983754e9b0371d04424f28a079c06	3	Low mean require often skill much effort change. Cultural time pattern protect adult.	\N
121	haydenbrooks	patricia07@example.com	2f0e82e7ad13d19c25df8f43b63a5e30f8d6f20075df0a05681c093713ca9cd1	9	She check billion central little color. Teacher political statement particular second. Law suggest evidence it response.	\N
122	jenniferdavis	john44@example.org	d09f19dd26452aa113801c1ec1a5d5bde2346736c24efc7afa64551363225425	9	Money discover large now third not summer. Improve garden city.	\N
123	robert63	nataliekemp@example.org	56d579a0a9b8fa6120d8583768946cd1b56c41dda9f152b13232023785a837e5	8	New entire practice meet far series community. Quickly form citizen page.	\N
124	mlong	edward10@example.com	558def902b00ddc1a6658c4d1393f8c720b516b25bbdd0fa6d428c7dd36020f1	2	Management important exist certain manage. Realize that white explain family eat. Nor offer research door result least year.	\N
125	birderica	hdavenport@example.com	657b9a4a02d033cddec7d3eade40975fada428a044bfa1be98498048ea789828	10	Image word send article sit concern. Street a pay case.	\N
126	ortegajeffrey	alexaflynn@example.net	06e2e647d9631354e094d4d83d602433f236f74f5b47c599bea90d8b737105f8	4	Ago president play media grow. War south trade from toward.	\N
127	vmccall	fmoody@example.net	a7f420bc082acb9e0f83d8ea7457a31491598d78490b593f931781417847d79f	3	Surface decide modern yourself science maintain. While government why would. Determine space city certain card weight door.	\N
128	greentimothy	floresamanda@example.com	150ab5239a19a40694bfa41aa9aa669b6c4bcea3dca83bba33261d3dda181cec	5	Particularly stuff really area rather key nation. Half management report nature area happy alone.	\N
129	tking	zrose@example.net	18e20f8725e50c77ff1009fa61f6f98e6daf8e1654df4b61cfe2e1eac77285d9	2	Share other wrong goal know seem plant. Loss represent several anyone. Themselves wonder memory fire shake stage.	\N
130	greenconnor	qsantana@example.net	9c655d8b87e111cbe2c86f8af558da9bc308a766478773fd1cf300589f060ad6	4	As system away appear sometimes trial enter. Responsibility nature they.	\N
131	moralesjohn	kimberly68@example.net	045c53b5ef89011c879eaca4eaa80f44a858c4a9c32802012a5fa5c4a9140900	9	Stage social often much. Sister dinner hold read building. Avoid increase project there.	\N
132	jeffrey54	awalker@example.net	ab2a39db8e2684407528e6621a87f60b93aa1104c2c04a8d7d4860b68bf5a650	9	Hold cultural often reason skin street tax.\nSimple the ahead long party. Community sing sit represent.	\N
133	lgutierrez	douglashenson@example.com	0f453969eb094e000e3a8a7c9fdcfcdf6d1a93e6e59dad5a90fbd9a5f5a766e9	2	State truth investment deep yet. Notice catch subject push.	\N
134	holmesralph	floresangelica@example.org	5f7154d090507840a1eaa54c7dc866fa5c46a979bc794721520087bf209d17e9	3	Consumer investment evening fire fact. Simple current brother artist. Born may door lay.	\N
135	xbennett	daniel63@example.net	77f30a4526de86f334ae69ac0c0bd1dd8df53f58f8a4a43b4f3709c53d2fa880	10	Campaign develop figure peace personal himself. Most rich activity sing ground prove image.	\N
136	stevengordon	oescobar@example.net	afd1e116343f046b574c34823fe8afb5252964097889b25b6074aec43e9f6f89	6	Other industry social determine economy. Beautiful edge west player.	\N
137	jacquelineharding	arogers@example.org	440ec44741dedf8ceff81cd53eb3f83c37fdc12d45538245ab4ce29d1dd05d33	5	Southern list democratic learn. Even team picture cost leg.	\N
138	andrewhaynes	fgonzales@example.org	ee3a1525374b8c5e4046414423ef197a766ec0b14e35e5ae2fc238e93b27987b	10	Cold radio course must. Thought box technology at movement knowledge run. Break foreign support last.\nStep blue upon cup.	\N
139	larry07	xwong@example.org	4a530490ad700514adfbf74b5dd98fea22de74d47ee5599263897446583f9ced	8	Treatment number become wonder condition. Fear identify significant note.\nAnswer amount letter leg affect.	\N
140	lsmith	heather09@example.net	2037eb7cce0cc262ae0a162781c121bad14e8d471cd8f06c388378161378f870	4	Happen process ready chance pressure. Mouth eye sea read explain executive. Price avoid guess art treatment because actually.	\N
142	brent46	autumnnewton@example.com	bbe38c8ea05066876e521e3137afc8f963de7eff29ded0d122e10d781571e68d	3	Only enough Republican Republican century. Recent mission if purpose. Rather dream father sort.	\N
143	tgonzalez	ijones@example.org	c5dcc86899b6058c0e536f1d40b6ae2b51266ee4b04e849dd5234aee127f8e7c	2	Black course forward give. Nearly knowledge enjoy.	\N
144	bgibbs	rachelcummings@example.org	21ae69348ca8d25a22d510948fdcab8da7391b229ce03d8db5b696eed93d414b	9	Actually production ago order because a. Argue evidence yourself want. Imagine exactly red only spend dog.	\N
145	hmata	qprice@example.com	685a111d58ef91c70842a00ad873d10aba8448a0438ba029fb7b92963047f1c1	2	Soon seem usually data. Food green street over fact down. Knowledge authority nor.	\N
146	ashley86	scottblackburn@example.org	d93daa39c505bf60486161e23ecf81f4c9a0c9a6da04b7af1ace0e5dbd4ecb05	1	Huge speech page response. Party life everyone all. Argue us word security race.	\N
147	jmiller	jonesjustin@example.org	7d4dd978ec5384edeb297c243f435fd13e336979a00357885bc0bc425bd80ced	10	Move care soldier education. Should range Republican none risk especially line voice. Sometimes involve who.	\N
148	marylarson	williamssarah@example.com	6f15ac7e47c27638a2bdea991d9aeec034c63485ba8a858c8b8563be5a1ed3ac	1	Mention different win trip learn. Management upon evening ground anyone.	\N
149	kennedykatherine	hcarroll@example.com	0a9121929c635630453473887e796b979dba0e96ad1643169d57eb0d2ed28dac	2	Bring visit detail beat. Structure toward fish. Might available many election.	\N
150	townsendbrandon	mcbrideteresa@example.net	912da9b3f0b0acfe393d283fdbaa45014a42732eddaf340fbedd7a7252367100	5	Usually since production financial general set cost. Quality note my sell there.	\N
151	elizabeth02	wjames@example.net	c4d66276c5640b7e78332816abb921df48488d8dedea74afa468fd865c7e2e28	1	Simple while scientist water population important.	\N
152	briansmith	brandy34@example.com	a9e874af4ac465ce3d06d945fb27eed0e42a436a16954e416d5fd052b3fb853f	2	Customer right avoid whether night job unit commercial.	\N
153	mendozajennifer	hwilliams@example.net	e8cdf61d92312201121479c6c938a44b6c84929bc62463054fbf549207449abf	3	Assume since herself standard. Week attorney American whom pass. Break include ten necessary can next lawyer.	\N
154	torreslisa	amiller@example.com	bb225fc98e4a029add0e38c48e9b071774b184afd4b5b3af895bfe8ec4675519	7	Be like pretty several prove race. Card rather party suggest. He organization process interest feeling health.	\N
155	wpeters	alyssa18@example.org	385118dda62d76e7ea3e578468d41c27a1906dd0427a62f580463b243ace14a0	7	Top law model offer opportunity country. Fall first eye model form window.	\N
156	sheila22	garymiller@example.com	a95ec7462a4a9a1797740a56905ad353db283923938b7492984b55edc2120890	3	Her well ask executive dream note on skill. Test record nature lose section eye.	\N
157	crosskimberly	warestephanie@example.net	15cc3362ee9cda6771b1f3dab500adeb4c3ff85e554cac58bfa611f2ddb2f061	5	Window police least say forward direction. Race ten rise. Card improve feeling garden fast.	\N
158	hodonald	lfisher@example.net	61eff21500922cd8b9adee884fa5fd054fd00cf56534c65c5396ace1e472b8fd	10	Performance body news catch.	\N
159	davidcole	krodriguez@example.net	88deaf33fa6f8d45d1f19672c00106fb014478d0ff6c6b9f02f5f02d676de91a	3	Room decision so my.	\N
160	brandon75	preynolds@example.org	c7883df5ba8f888bb9e5494e60546ecb67e70a4449ac8fc2e24feea6136dc1c3	4	Of animal administration board sister production east week. Fact low should left produce.\nHot important last.	\N
161	mendozanancy	amybutler@example.net	8f4031c545ec4c3c08a265c8041680b93c2f369763ba9d83944387a2cb448e73	3	System various peace why court. Policy out often small least.\nBlue although rate vote.	\N
162	hector28	jwood@example.net	28d500caf9ddd015ef282f08af196e1de182d52d00b2b09cea763d82edcbe374	10	Machine then move program. The his how debate. Within glass travel rest organization fill forget state.	\N
163	berrykari	johnmartin@example.org	ffd97f9f2260543ed13988db63955a7b585315eca1febe8dc934926cd7ab1d1e	6	Down alone program. Early figure wife common end. Bank act imagine site past anything.	\N
164	tdavidson	jeremiahadams@example.org	a4ba5fa2506f805ae5d0a4f8f54d7f1fce69d596a1ae2e4c360158d9e7175194	2	Purpose American develop. Spring century power admit raise like responsibility cultural. Almost which wind director set.	\N
165	marialopez	amy13@example.org	860c74c840142690f206bfa4934e9cf86b86d56dd929e2199aa8a0f30d1199b2	3	Free send claim best recognize society sport.\nPositive cover decision join every.\nIncrease than my water do respond.	\N
166	kellykristie	christopherwhite@example.com	fe1c435ca3fc424698a17eabe0c05222c14e277278f3864aacc2e32076ee3e06	10	Peace ever during others lot begin.\nMove approach occur soldier give offer describe production.	\N
167	sandovalalejandro	kyleaguilar@example.com	a66118d45d73dc0c02ddf880cb91856ebce77ad17cc5da678c772dec082d34d3	10	Popular if person station particular election probably hope. Audience fine doctor reveal.	\N
168	stewartandrea	krosales@example.com	1a075137da3aaa9ff03a7e6b0a11e226ef8c713011b44292a8907569746a55c5	7	Dark baby industry goal forget sea according. Knowledge carry deal but partner country.	\N
169	autumnharper	qcarlson@example.org	1fbf3c810dfabb198e623533aa2a81cf2167260893ad387ed01d34773cad3a6f	7	Congress such especially understand house range. Work player floor Mrs modern. Relate too current capital option anything.	\N
170	smithkelly	vjackson@example.net	c1673010b04f44c762ea36250a851919248aebcb9bc7310459ff72c1eab4d3d1	3	Investment economy several new break. Six low understand computer ten anything determine relationship.	\N
171	tturner	melaniehoward@example.com	d088f4c4fb9d266273575414e2f828eed2eb538063655a94e8a09c9cb79c29dd	5	Clearly them note front city. Car commercial see movement cultural why owner suggest. Laugh speak more conference read.	\N
172	charlesnguyen	ogonzalez@example.net	1283423ed930258bf94b8e5cc22cbb1d573b4ef5500ff3d6b740ba40dc6a596b	5	Machine school reduce debate evening series hold. Each save send population continue certainly long.	\N
173	saraharrison	elliottzachary@example.com	c2d5e714eb44a33b0788c90a5014d0b5a4c97db5aa8b0274b601de84898f29d3	2	Tonight though computer former somebody staff. During girl collection.	\N
174	tpage	ryanbrown@example.net	21909fd01bce3d88d172e652916bc99089814f5670842347faf42343c9c511bd	8	Outside than firm under marriage state nothing interview. Trade financial watch so study.\nLanguage their very else.	\N
175	isingleton	michaelmelton@example.org	8d75b359f0843b86fb6ffd492001daab29eecfa7080d6c75bd160c666c0284cf	6	Million main after. Old stop project.	\N
176	nthomas	michaellewis@example.org	f122d82430ce72e76571a70abdc9e9a981c03712b263b8a76f28c3c97b2b4d4b	9	Blue along western world send much. Same never white bill pattern both total.	\N
177	trankeith	scottjennifer@example.com	34d42b5607ec77bb9f229a893941f7cf3158d82f02d011b719b50922b24bc91c	6	Air thing top lead institution recent. Name today force music. Before serve fast up wrong buy.	\N
178	tammy92	clee@example.com	18317af2288ed342193962e4a96f18d8246b91f4c28a84ae494e5afa2060a09c	7	Property even daughter. Big nation power involve admit name bill. Certain spring home full common music.	\N
179	yellis	jose06@example.org	2a1062ab06696c86253941664c0b29f2bf590ef65e064cab8de5c2a5a3093afd	8	Short especially light prove finally. Guess him actually. Usually east east claim rather worry.	\N
180	jrodriguez	kristineberry@example.net	28243752f006589c40b6a75d29d68f3e2f51243ecca513c603755f3ec10edf58	5	Activity trade senior magazine suffer. Issue nor lead. Responsibility wait employee entire fund lot concern.	\N
181	jennifer80	alexandra07@example.com	a9ccc809a5c66a0bd9100caf15419c8ba7f2f908fbc5a9330f274e83bee6418a	7	Political candidate low but. Specific describe life subject.	\N
182	paigewaters	brownjohn@example.com	7cb9d7f54d920aba26bd8d6b41a8c75868d0c8da49eea35d8f29ed5d5d32a2d8	6	On her check low. None box once certainly skin.	\N
183	brittany81	vmejia@example.org	6dbd8fbca68609255196f555574dd64ba69a56df61d60f777dbaf131e2f3a919	8	Practice detail hear line. Course paper purpose animal in.	\N
184	stephanieharris	lwalker@example.org	af2e0914dc5b92c00c2cfb2e6d9df804f727dbe7424ef770d4f9d3140300470a	3	By manage process other production including wear. Use direction economic age.	\N
185	deborahbailey	patelcheryl@example.com	a58c657704438e817fde16cba6b991427d07a05ac649c5a4d3d1a5358e9e1844	8	Almost major certain base according threat this. Avoid human red right. Maintain sport civil young year it.	\N
186	phillip18	greencatherine@example.org	dc697f803ed7c8f2c9547548145623823f545d36d92c5d3431d42907b5982447	5	Value idea the huge. Talk draw bring experience pressure front. Yeah floor activity could task.	\N
187	cwilcox	scott60@example.com	8e8f6160f82a71e05e4829c26e26e8ecb80413a9dfc387774f3aab15c9abeb78	6	Popular identify soldier. Challenge authority kind card give great Democrat. Happen because civil pull feeling.	\N
188	aaron13	xbeck@example.com	62726620394493a2dc676813a1dd3f2b905466ba8450b519532f732915616c51	5	They we political. Difficult science up around should image base. Hold market tree every.	\N
189	kferguson	cookenicole@example.org	72c3192ccd803e8731c5daf66699e93e395149900b4ae571a0e8e77a7f132fb7	6	Skill by challenge significant enough. Pay discussion performance Republican option nearly.	\N
190	adriana88	igarza@example.com	75ea10dc9bac7f3036dd45f36502c9468d1391b091b4156e03936ce37807b564	5	Example start be very culture man sea.	\N
191	cindyweiss	vporter@example.com	da99eac47af927605bc60be066d5216593d05e6ffdbfd9cb898c0807d5212918	7	Image dog make able affect itself. Relate impact computer enter add get.\nPeople political country possible two remain.	\N
192	amy02	terryheidi@example.net	5ecdf50d00325fd5518a15066c80c0d555eace199ba2a20628a62b245fca67b6	1	Clearly hair step hour player set simply someone. Example key serve benefit system plant. Foot trade news.	\N
193	shermansarah	brian06@example.com	d75392097f995a019b022267e63023e0110a477c5750d6d2f72f6468d78a77e8	10	Then visit start thought visit. Purpose information its heart hard your. Summer produce after data share seven him.	\N
194	cruzamanda	williemoore@example.com	8429c53db95f721c8bd5344c85a6f50d05e12ed8bb56233345c1f208a480a99f	10	White him expect piece for stage. Wish early according south very.	\N
195	stephen50	jeremy37@example.org	b2ccb48655aafa0ace7ff7e27e05ff89da0812369bc5e78320c8dd7bcbbb466a	4	Surface last well might those. Population road financial. Painting paper wish town food.	\N
196	sherryjohnson	xmay@example.net	31f181978d537b115c985ec3c61042f71131ed9356cb6e41031f9799516c7644	7	Edge laugh respond former specific city protect. Fine nearly trial garden involve. Capital in space politics article sport.	\N
197	mary93	benjamin48@example.com	43a6bb1610d92298d6f891e4d2820157dd723bee7925c81372a408c37fb3cecc	6	Buy sometimes those I ever say. Yes catch decision want dog affect throughout.	\N
198	hcook	williamslisa@example.org	0cefdcc662ccc71d5d4ef3f23db39bae3b2480db78fac26d5d4a9387ffad1330	6	Especially movie million among. Buy production its affect history figure.	\N
199	elizabeth59	qbailey@example.org	962169448d61e6aa9c64302ba0c79450ae6e28e73d22a47b9215e7c3bef32ee3	3	Evidence large answer case again. Simply deal yet hospital. Foot run power behind deal person such.	\N
200	stacywalker	greenheather@example.org	c5d19a901cd4315bf0eb9d5b1685e0fa4f1ea5a1b0d7f4abb5f56afeeadc9cdc	1	Method question father us little choice already. Week represent movie their back force. Beautiful need turn quality.	\N
\.


--
-- Data for Name: competition; Type: TABLE DATA; Schema: public; Owner: tester
--

COPY public.competition (id, competition_name, description, start_time, end_time, level_data, has_ended) FROM stdin;
1	Secured user-facing task-force	Level reach system edge just everything decision. Responsibility weight way American think cell.	2025-03-29 15:08:01	2025-04-17 15:08:01	\N	f
2	Synchronized zero administration concept	Role world doctor Democrat appear. Someone religious protect itself. Authority defense civil side treat than stop.	2025-01-29 14:09:22	2025-02-07 14:09:22	\N	t
3	Versatile coherent customer loyalty	Start investment its chance. Late certainly claim visit give. Task beat thing loss. Group everyone relationship of.	2025-03-21 05:19:26	2025-04-12 05:19:26	\N	f
4	Seamless modular definition	Station shake fish anyone scientist ten my. Term difficult church design.	2025-01-05 02:48:56	2025-01-31 02:48:56	\N	t
5	Advanced didactic artificial intelligence	Several do must set. Fall positive political long cause fine. Boy season power environment amount media here.	2025-03-17 09:08:13	2025-04-09 09:08:13	\N	f
\.

--
-- Data for Name: player_participation; Type: TABLE DATA; Schema: public; Owner: tester
--

COPY public.player_participation (competition_id, account_id, score) FROM stdin;
4	12	692
5	152	7462
1	63	2757
4	178	6596
1	61	8910
5	168	1965
5	178	9911
2	106	7392
3	90	3088
3	52	9208
1	86	1534
2	64	1982
3	171	8742
5	94	1664
3	91	8578
5	17	5947
1	66	9306
4	151	8748
3	126	5277
1	22	2780
5	96	4551
1	152	241
1	31	9469
2	58	7508
3	197	6154
3	35	881
4	135	6993
2	70	3914
4	183	6864
5	52	6258
5	194	9553
5	125	1920
5	83	8170
5	51	3489
3	178	1052
2	164	2053
4	60	5285
3	68	2264
4	134	1672
1	80	1215
2	59	7210
1	151	5990
1	143	2076
5	114	9294
4	196	72
4	66	5177
1	119	7908
4	141	2152
4	169	5824
4	191	780
3	25	693
3	2	7102
4	137	478
5	117	2158
2	184	1516
4	198	2281
5	159	6247
1	164	2125
2	77	8805
3	176	9179
2	5	106
4	8	7969
2	43	2920
3	63	9453
5	141	7328
5	172	6892
4	185	9412
1	162	7065
3	191	78
2	50	7100
2	162	7230
4	161	7343
1	72	1169
5	66	6918
1	146	6181
4	180	5464
2	147	4411
3	61	1910
5	126	193
5	26	8887
3	153	8050
2	11	1952
1	187	9652
3	200	4640
2	30	8474
1	98	5462
3	130	6836
1	197	6707
5	39	6542
1	96	4706
5	198	9055
4	90	6445
5	29	5996
3	188	6147
3	121	9161
4	166	4513
2	80	475
5	160	838
1	184	2591
4	86	5586
5	15	9554
3	108	6937
5	130	7947
3	27	9507
4	162	3524
5	27	1677
1	10	3885
4	121	1702
5	190	574
5	38	2777
1	137	7346
3	159	1695
4	182	1088
2	121	629
3	77	8648
5	146	6695
4	95	1098
5	55	3892
5	86	8403
2	200	8124
4	102	7372
3	1	9659
5	54	6918
3	20	4746
2	168	5416
3	97	3933
1	186	1187
4	91	3704
3	30	5953
5	35	872
3	140	7065
2	163	2152
1	171	6542
5	90	7439
4	195	5632
3	94	8148
2	134	8300
2	140	1805
1	153	3528
2	108	9743
4	93	1188
2	114	8964
2	6	9927
5	6	6502
3	85	9948
2	113	3721
5	167	9580
5	122	7179
3	168	2083
5	195	1390
3	112	6888
2	56	6105
2	61	6220
5	89	5241
5	47	3470
5	53	3116
4	112	300
4	55	4764
3	177	9760
4	188	5503
4	1	5089
1	89	2603
2	38	8556
5	107	5448
3	51	2328
3	163	7521
3	48	7036
2	98	7261
2	178	5887
2	40	3941
1	11	4402
5	78	4003
4	39	5540
4	136	9256
1	97	131
5	106	3504
4	97	4206
5	176	990
1	37	4232
2	76	33
4	123	1383
1	129	1645
1	78	5125
4	128	2902
2	183	2545
4	138	4120
3	22	5681
1	44	8560
5	3	1365
2	29	5617
2	3	9225
5	113	1328
3	119	1742
5	42	5139
5	187	1816
2	167	9895
1	122	991
2	190	6906
2	124	1941
5	88	2295
1	82	1258
2	62	8896
4	159	8563
4	127	3976
5	102	4902
3	65	6362
5	156	8093
3	93	7119
3	87	6309
2	25	1722
2	142	7192
5	135	2351
3	146	4686
2	41	4367
2	72	5730
3	98	9966
5	128	929
5	57	6572
5	196	7312
5	30	7908
2	44	6967
3	55	6252
1	117	612
5	70	9655
2	119	1076
2	128	3192
3	89	5608
4	200	3331
2	86	3997
1	48	949
5	170	217
3	56	6136
5	151	5304
3	88	3760
3	124	6749
1	126	5594
2	73	1097
2	110	7057
5	182	8319
4	175	9702
4	142	5239
3	156	5183
3	70	4703
4	129	2010
4	67	5371
1	99	1933
2	173	6870
4	53	7274
4	3	5128
3	184	3710
4	164	6172
5	169	6433
2	103	4040
2	32	8887
4	171	6923
2	182	3916
3	120	4547
3	9	0
5	5	8423
2	120	2941
2	42	6340
2	185	2345
1	138	9111
3	45	8986
4	155	1966
5	9	162
1	183	9703
4	147	1396
5	174	7940
4	114	4114
5	21	5578
1	73	1350
4	132	1770
2	93	5081
2	55	2714
4	2	4313
3	82	3573
5	37	787
4	7	7888
2	166	8417
4	150	7964
4	50	9259
4	105	4653
3	5	8307
2	37	7341
4	36	7749
1	199	397
4	104	3039
3	13	4744
1	24	9245
4	83	9114
2	198	3709
2	94	5994
5	143	1868
3	34	2298
2	19	7614
5	162	6961
2	39	8447
4	140	6436
3	162	4651
5	22	4105
1	192	8265
3	24	1143
5	157	7793
1	136	1361
1	77	4518
2	17	6236
4	84	775
3	107	9422
1	189	1187
1	140	5696
5	115	3099
1	182	2026
1	124	9602
4	117	3636
5	129	9499
3	86	570
5	76	909
5	93	8747
3	152	3782
2	26	6841
4	5	9640
4	181	5105
2	36	8311
1	70	9430
2	14	9989
3	195	9059
1	120	8940
4	57	16
5	101	4062
1	3	8950
1	159	8397
5	120	55
3	79	6363
3	100	1955
5	60	8554
5	31	3815
5	50	4400
2	169	9642
5	11	774
4	167	6367
2	51	7135
4	160	8
1	134	8432
3	199	2807
2	100	3403
4	11	7765
4	74	8007
4	124	9744
5	108	6519
3	145	1100
1	175	3027
1	26	6708
3	60	258
1	29	8666
4	149	8705
5	23	8038
1	62	7988
1	40	2698
2	13	3528
5	131	5707
4	101	954
5	84	1477
3	44	6965
2	82	3975
5	75	174
2	31	608
2	132	6942
5	58	6430
5	63	5411
1	59	53
5	121	1446
5	18	1563
1	88	9844
3	3	7425
5	59	1554
5	166	5446
4	172	1172
2	175	1877
5	32	4906
5	186	275
1	160	7350
3	47	4646
3	186	9068
2	191	9348
3	164	4625
1	196	1468
2	111	6338
2	89	7124
4	106	2901
2	95	4262
5	127	7647
2	12	1724
5	155	7149
5	150	2657
5	164	6460
5	85	5424
3	50	3349
4	88	3261
4	31	5372
5	99	7976
5	12	8216
5	111	258
1	125	2252
3	183	7150
2	84	5421
1	68	2151
1	35	1018
4	100	3168
5	91	1065
3	187	2573
2	141	3817
5	134	8120
4	73	5615
5	183	9891
3	38	5100
1	163	2538
1	30	1799
2	196	8074
1	115	5132
2	154	4510
3	39	217
2	21	4208
1	103	7605
5	28	7353
2	97	3180
1	94	5274
3	66	3342
2	49	4854
2	83	8301
3	8	7343
3	160	5935
2	137	7977
4	85	4223
1	76	4984
1	93	2345
5	192	947
3	138	9353
2	33	5804
1	101	1352
3	102	182
4	14	7433
2	34	2264
2	63	3227
1	169	7714
3	69	8613
1	104	3139
3	95	5023
1	33	8695
3	99	4815
3	42	1384
1	118	1190
3	43	5938
2	46	1937
5	71	8296
4	65	445
2	174	9641
4	92	3779
3	117	2543
3	155	4520
2	112	5090
3	141	3520
4	157	8212
3	41	811
2	186	4493
4	163	9249
4	153	7579
5	136	5961
1	92	4302
1	130	8702
1	114	6904
1	170	1315
4	15	3489
3	81	9807
2	146	9854
3	80	9863
2	122	1189
4	33	9651
1	190	4493
1	102	9127
5	68	1317
3	139	6241
2	199	8773
1	83	8138
2	153	8387
4	28	1749
4	133	8296
5	138	8257
4	122	3464
3	67	1123
3	169	1479
5	119	2808
1	23	4703
1	28	3975
1	5	6311
4	47	6308
4	35	9201
2	116	6178
4	10	4176
2	180	7391
2	143	9676
1	139	3054
3	32	5755
3	111	7170
3	17	5006
4	118	2763
3	143	8041
2	10	4475
1	108	2190
2	15	5615
1	123	9683
4	34	7164
3	147	6595
4	108	624
2	193	1721
3	26	719
1	200	379
3	74	6762
2	133	737
5	200	6030
4	145	7867
5	158	9807
1	91	7382
5	149	3723
5	140	794
2	65	9715
5	185	6021
5	133	1146
2	165	4304
4	199	7330
4	68	5476
1	87	1031
2	159	3357
2	138	1807
4	96	5853
4	41	4327
1	50	4889
5	77	4727
3	21	9977
1	27	2743
3	104	1768
5	177	7732
5	20	112
4	143	9602
1	47	580
1	6	1361
2	172	2364
3	166	1564
1	20	5908
4	52	7189
1	191	3441
1	165	9178
4	77	5495
5	45	7722
1	8	4783
1	113	2193
4	6	4799
3	53	6662
1	90	4936
3	33	5937
1	51	9421
2	99	9026
5	154	3744
3	23	4072
1	58	4059
2	105	3053
3	113	7103
1	149	6297
4	9	7818
4	109	7796
4	82	5776
5	109	9439
4	32	6427
2	144	3105
1	71	8311
2	8	1262
4	30	1589
1	95	3960
2	20	7029
4	69	666
5	72	8347
3	165	4557
1	185	5542
5	161	1838
3	16	8832
5	62	7364
5	44	384
5	191	8820
2	2	1016
1	179	6461
5	179	7272
5	92	2907
4	51	450
3	198	7424
1	112	3098
4	58	2916
4	17	5914
1	39	959
2	195	6082
1	21	3977
3	11	9747
5	184	4764
1	173	4300
1	74	9901
5	132	692
4	154	4375
3	106	9138
3	115	7918
1	1	4916
3	58	3465
4	59	3510
4	56	9152
4	111	4898
2	145	271
3	154	5985
5	163	5652
2	57	1747
4	119	6034
1	193	4792
2	101	9404
2	126	9005
3	103	3442
5	80	2019
4	189	8368
3	78	9431
1	69	9092
1	194	2514
3	182	4819
1	144	4295
1	81	4156
3	135	6968
1	161	4574
5	81	6854
5	67	692
3	4	6768
\.


--
-- Data for Name: player_reward; Type: TABLE DATA; Schema: public; Owner: tester
--

COPY public.player_reward (id, reward_description_id, player_id, competition_id, creation_date) FROM stdin;
1	19	93	4	2025-04-01 18:43:26.531288
\.


--
-- Data for Name: reward_description; Type: TABLE DATA; Schema: public; Owner: tester
--

COPY public.reward_description (id, reward_name, description, icon_image, ingame_data) FROM stdin;
1	Polarized local solution	Girl hot argue herself tend doctor season.	\N	\N
2	Customizable actuating hub	What summer song common contain movie. Threat star difficult successful board show effort enter.	\N	\N
3	Assimilated fresh-thinking Internet solution	Foot value establish trouble traditional public. Recently reason rate.	\N	\N
4	Public-key dynamic support	Interesting soldier whole standard Democrat country. Next enough serve economic say whatever hold.	\N	\N
5	Profit-focused object-oriented benchmark	New ball sense man public. Television present interest. Order whether home write.	\N	\N
6	Reverse-engineered client-driven paradigm	Leader real send surface deep. Actually when see their whom.	\N	\N
7	Function-based 24hour model	Identify money time develop.	\N	\N
8	Organized composite data-warehouse	More show strong history say note drop. Add reflect may third civil.	\N	\N
9	Reduced hybrid extranet	Win seven than air. Notice half firm.	\N	\N
10	Expanded disintermediate Graphical User Interface	Police opportunity range certainly near nothing half. Work check position maybe trade bag.	\N	\N
11	Customizable clear-thinking archive	Magazine spring phone of people. Guess your fish involve authority nice I let.	\N	\N
12	Proactive maximized approach	Shake his ability require full. During very summer treatment oil discussion during eat.	\N	\N
13	Cloned methodical concept	Today operation charge. Look event suffer hot wish.	\N	\N
14	Monitored zero-defect pricing structure	Measure car conference factor create rich if science. Ready civil camera increase pass consider. Home get difficult brother.	\N	\N
15	Sharable solution-oriented success	Son according consider keep with beautiful rate rise. Out body up impact. Represent sound scene present cold.	\N	\N
16	Implemented interactive framework	College number ahead name professional project simply. Range nation section dinner major up religious.	\N	\N
17	Total holistic help-desk	Letter bag when right ten candidate. Sister at world similar often.\nRock section often. Last energy mention health Republican.	\N	\N
18	Seamless even-keeled extranet	Point might there final. Teacher word occur whose. Republican professional soon model report.	\N	\N
19	Object-based multi-state secured line	Admit network soon add defense. Manager mother house less.\nClose information within owner standard.	\N	\N
20	Extended optimizing frame	Court order strategy make join keep western. Current blue third marriage size must wear. Public similar spring box between kid.	\N	\N
\.
